Chris Aslanoglou <chris.aslanoglou@gmail.com>
David Caro <david@dcaro.es>
Glignos <glignos93@gmail.com>
Jacopo Notarstefano <jacopo.notarstefano@gmail.com>
Micha Moskovic <michamos@gmail.com>
Szymon Lopaciuk <szymon.lopaciuk@cern.ch>
Szymon Łopaciuk <szymon.lopaciuk@cern.ch>
