Aaron Iles <aaron.iles@gmail.com>
Aaron Vinson <avinson.public@gmail.com>
Achim Herwig <achim.herwig@tngtech.com>
Achim Herwig <achim.herwig@wodca.de>
Adam Coddington <me@adamcoddington.net>
Alek Mierzwicki <ali@osomdev.pl>
Aleksey Maksimov <ctpeko3a@gmail.com>
Aleksey Shirokih <freeseacher@gmail.com>
Alex Turbov <i.zaufi@gmail.com>
Andrew Wurster <andrew@awurster.com>
Andy Grimm <andy.grimm@sas.com>
Arnaud Aujon Chevallier <arnaud.aujon@blue-mind.net>
Arun Babu Neelicattu <abn@redhat.com>
Ben Speakmon <ben.speakmon@gmail.com>
Ben Speakmon <ben@bellerophon.(none)>
Ben Speakmon <bspeakmon@atlassian.com>
Bert JW Regeer <bertjw@regeer.org>
Bogdan Marchis <bogdan.marchis@gmail.com>
Chris Kast <chris.kast@delphix.com>
Cody Lee <codylee@wellaware.us>
Dan Bravender <dan.bravender@gmail.com>
Daniel Fortunov <asqui@users.noreply.github.com>
Daniel Fortunov <dfortunov@bats.com>
Daniel Jonsson <wd.jonsson@gmail.com>
Daniel Lawrence <dannyla@linux.com>
Daniel Porter <dporter@proofpoint.com>
Danny Cheung <dann7387@users.noreply.github.com>
Danny Cheung <danny.cheung@rackspace.com>
Dave Collins <dave@hopest.net>
David Black <dblack@atlassian.com>
David Szotten <davidszotten@gmail.com>
Dilshan Rajapakse <dilshan.raja@gmail.com>
Diogo de Campos <campos@esss.com.br>
Dominique B <domi_burnand@yahoo.de>
Doug Johnston <doug@prismskylabs.com>
Earl Chew <earl_chew@yahoo.com>
Emmanuel Sciara <emmanuel.sciara@gmail.com>
Erskin Cherry <erskin.cherry@opower.com>
Fabio Oliveira Silva <fabio.oliv.silva@gmail.com>
Fil Mackay <fil@vergo.co>
Fran Ruiz <quiesagua@gmail.com>
Francesco Pierfederici <fpierfed@gmail.com>
Gerald Kaszuba <gerald.kaszuba@gmail.com>
Gervasio Marchand <gmc@gmc.uy>
Greg Meyer <greg.meyer@datadoghq.com>
Greg Warner <gdwarner@gmail.com>
Grigory Chernyshev <systray@yandex.ru>
Guewen Baconnier <guewen.baconnier@camptocamp.com>
Guy Matz <gmatz@jcrew.com>
Guy Matz <gmatz@matz.org>
Guy Matz <guy.matz.cft@jcrew.com>
Guy Rozendorn <guy@rzn.co.il>
Harold Dost <h.dost@criteo.com>
Ian Unruh <ianunruh@gmail.com>
Ilja Livenson <ilja@opennodecloud.com>
Ivan  Kovnatsky <sevenfourk@gmail.com>
Ivan Kovnatsky <sevenfourk@gmail.com>
Jacek Konieczny <jajcus@jajcus.net>
Jaime Soriano Pastor <jsoriano@tuenti.com>
Jason Dugdale <jason.dugdale@gmail.com>
Joe McBride <jmcbride@rackspace.com>
John Eckhart <jeckhart@yodle.com>
John Jiang <jjiang@atlassian.com>
John T. Wodder II <jwodder@sdf.lonestar.org>
John T. Wodder II <jwodder@users.noreply.github.com>
Jon Romero <darksun4@gmail.com>
Jonas Maurus <jmaurus@laterpay.net>
Jose V. Trigueros <j.v.trigueros@gmail.com>
Jose V. Trigueros <jvtrigu@sandia.gov>
Josh Friend <jfriend@michiganlabs.com>
Josh Tilles <jtilles@sailthru.com>
Jørn Sandvik Nilsson <joern.nilsson@gmail.com>
Konstantin Shalygin <k0ste@k0ste.ru>
Kovalenko <arturs.kovalenko@accenture.com>
Lionel Cuevas <liocuevas@gmail.com>
Lisa bekdache <lisa.bekdache@dailymotion.com>
Long Vu <lvu@intelerad.com>
Lukas Bednar <lbednar@redhat.com>
Luke Hankins <luke@ethersmith.com>
Luke Zulauf <luke@humblebundle.com>
Marc Abramowitz <marc@marc-abramowitz.com>
Mark Egan-Fuller <markeganfuller@googlemail.com>
Mark LaPerriere <mark.a.laperriere@disney.com>
Mark Rossmair <tuc72616@temple.edu>
Markus Wiik <markus.wiik@q-free.com>
Markus Wiik <vassius@gmail.com>
Martin Proffitt <mproffitt@jitsc.co.uk>
Mathias Kahl <mathias.kahl@gmail.com>
Matt Doar <matt.doar@customware.net>
Matt Lesko <leskomw@ncbi.nlm.nih.gov>
Matt Studley <mattwt.studley@gmail.com>
Matthew Gabeler-Lee <cheetah@fastcat.org>
Max Oberberger <max@oberbergers.de>
Michael Meisel <michael@thousandeyes.com>
Mihai Ibanescu <mihai.ibanescu@sas.com>
Milo Minderbinder <minderbinder.enterprises@gmail.com>
Nathan Ferch <nf@spotify.com>
Nathan Reynolds <email@nreynolds.co.uk>
Nicholas Jones <njones@elys.com>
Nick Baggott <nbaggott@linkedin.com>
Nick Geoghegan <nick@nickgeoghegan.net>
Oleksandr Allakhverdiyev <alex.allah@gmail.com>
Oscar <oscar.sanjose@gmail.com>
Paul Carlisle <paul.carlisle@gmail.com>
Paul Carlisle <paul.carlisle@purestorage.com>
Paul Nichols <Paul.Nichols@dowjones.com>
Pavol Babincak <pbabinca@redhat.com>
Paweł Stankowski <aambitny@gmail.com>
Radosław Ganczarek <radoslaw@ganczarek.in>
Rafic Melhem <rmelhem@elys.com>
Randall Hunt <randall.hunt@10gen.com>
Robert Wlodarczyk <robert@highlyanticipated.net>
Robert Wlodarczyk <robert@simplicityguy.com>
Ronald Evers <evers@fox-it.com>
Rowan Thorpe <rowan@rowanthorpe.com>
Scott Weintraub <sweintraub@ag.com>
Sham Chukoury <eleusis@gmail.com>
Shannon -jj Behrens <sbehrens@twitter.com>
Shatil Rafiullah <shatil@teamtil.com>
Shawn Smith <shawnpsmith@gmail.com>
Simon Venturi <simon.venturi@mvfglobal.com>
Sorin Sbarnea <sorin.sbarnea@citrix.com>
Sorin Sbarnea <sorin.sbarnea@gmail.com>
Sorin Sbarnea <sorinsbarnea@bmlltech.com>
Sorin Sbarnea <ssbarnea@redhat.com>
Sorin Sbarnea <ssbarnea@users.noreply.github.com>
Thorsten Heymann <theymann@gaikai.com>
Tomasz Kustrzynski <tomasz.kustrzynski@gmail.com>
Tomi Kallio <tomi.kallio@ambientia.fi>
Tuukka Mustonen <tuukka.mustonen@f-secure.com>
Unknown <jade.riano@hotmail.com>
Vadim Markovtsev <v.markovtsev@samsung.com>
Vesa Laakso <Vesa.Laakso@cfg.fi>
Vineet Naik <vineet@helpshift.com>
Vitaly Omelchuk <vitaly.omelchuk@gmail.com>
Vladimir Vysotsky <trivee@trivee.local>
Vladimir Zapolskiy <vz@mleia.com>
William Orr <worr@linkedin.com>
Xia Kai(夏恺) <xiaket@gmail.com>
bakkeby <bakkeby@gmail.com>
baleboy <bale@balenet.com>
bardal <barney@daltons.net>
bruno-mendes-movile <bruno.mendes@movile.com>
casahome2000 <casahome2000@gmail.com>
cgrandsjo <cgrandsjo@users.noreply.github.com>
dd <sorin.sbarnea@gmail.com>
guitarhero23 <guitarhero992003@gmail.com>
izapolsk <izapolsk@redhat.com>
kraiz <kraiz@gmx.de>
marcelslotema <marcelslotema@users.noreply.github.com>
markeganfuller <mark.egan-fuller@mvfglobal.com>
peter <peter@arazoo.com>
rawfalafel <yutaro.mori@10gen.com>
sorin.sbarnea@gmail.com <sorin.sbarnea@gmail.com>
taquart <marcin.zukowski@gmail.com>
tarasmatsyk <tamatsyk@gmail.com>
Антон Бутиков <realfive@gmail.com>
