CFields651 <cfields651@gmail.com>
David Vallee Delisle <dvd@redhat.com>
Martin Schuppert <mschuppert@redhat.com>
Masaki Furuta <masaki.furuta@gmail.com>
Mikel Olasagasti Uranga <mikel@olasagasti.info>
Pablo Iranzo Gómez <Pablo.Iranzo@gmail.com>
Robin Cernin <cerninr@gmail.com>
Robin Cernin <rcernin@redhat.com>
Robin Černín <cerninr@gmail.com>
e-minguez <e.minguez@gmail.com>
lmiccini <luca.miccini@gmail.com>
